path,size,kind,sha16
_RESTORE_GUIDE_FA.md,6970,markdown,c1afc94f170d34df
_RESTORE_MANIFEST.json,1250,json,b33f1a2d48477f23
_inventory.json,88751,json,b863ed8d21a41fc9
cron\jobs.json,13611,json,cbf9834a26ca4a98
memories\MEMORY.md,1813,markdown,04b6289a97ec6d9d
memories\USER.md,1362,markdown,ef21a455ede5b5ae
profiles\default\,0,other,e3b0c44298fc1c14
profiles\default\memories\decision_journal.json,739,json,7bbf6ec33c6689e1
profiles\default\memories\decision_journal.jsonl,1128,json,1ea2a320f37bbb05
profiles\default\memories\decision_journal.md,2413,markdown,084d81f5c67297f6
profiles\default\memories\heartbeat.json,189,json,0b905768a31537e9
profiles\default\memories\trading_decisions.md,938,markdown,65d4fe829e96e5aa
profiles\default\memories\xauusd_decision_journal.json,3937,json,6527521f1399da19
profiles\default\memories\xauusd_decisions.jsonl,1293,json,07e74dfd379e4fa6
profiles\default\memories\xauusd_journal.txt,641,other,8396551649a4733f
scripts\gold_monitor.sh,97,script,790b14bb9e4b1297
scripts\gold_monitor_legacy.sh,92,script,c5bc6c52e99865e9
scripts\gold_plan_monitor.sh,118,script,b20887623f749f82
scripts\make_report.mjs,23996,other,158b64dff66680c9
scripts\mt5_account_risk.py,3930,python,94edef057b68b398
scripts\mt5_direct.py,17690,python,93290d3cf8d7090f
scripts\mt5_direct_runner.py,748,python,135d1f19d27b5080
scripts\mt5_engine.py,50053,python,7b22b3ced479d485
scripts\mt5_scan_tmp.py,7574,python,4c0eba65a65bbfd8
scripts\mt5_xau_calendar.py,8622,python,9adbdadeb177c2f7
scripts\mt5_xau_context.py,8023,python,69673fc89f4e6555
scripts\mt5_xau_decision_collector.py,28884,python,73ee6bd64064008b
scripts\mt5_xau_defcon.py,10508,python,b3ef473ed93ceb62
scripts\mt5_xau_divergence.py,9610,python,7bc256c62d5b9f02
scripts\mt5_xau_heartbeat.py,4489,python,963094afdd5a4f9e
scripts\mt5_xau_journal.py,5760,python,a070d00b9438745b
scripts\mt5_xau_macro.py,10356,python,1995b5a3cf818b33
scripts\mt5_xau_orchestrator.py,5181,python,9b7f43756ee0ad3d
scripts\mt5_xau_plan.py,8021,python,833e2b48ad9b7f8f
scripts\mt5_xau_presession.py,9604,python,ff7251168ae88775
scripts\mt5_xau_report.py,8965,python,e16bd4e9997da142
scripts\mt5_xau_review.py,7244,python,44d934d6f83e3740
scripts\mt5_xau_runtime.py,38111,python,097382343014cbf3
scripts\mt5_xau_session.py,5730,python,0f66086467ce502f
scripts\mt5_xau_smc.py,37643,python,5e0b5fa2e2370a43
scripts\mt5_xau_storage.py,3820,python,fc74382cdf95c39a
scripts\mt5_xau_trade_management.py,6256,python,d8c5c396e5a1bdee
scripts\mt5_xau_trade_mgr.py,9601,python,c7d8f1ef1cd1f2a4
scripts\mt5_xau_weekly_review.py,10064,python,3d882ce58fbf91b3
scripts\package-lock.json,7920,json,516fa8ade71e5366
scripts\package.json,49,json,1ad896461fe8445f
scripts\tests\conftest.py,144,python,0cb67ba91674c07e
scripts\tests\test_mt5_account_performance.py,1036,python,d125b7e50d27cff6
scripts\tests\test_mt5_account_risk.py,2212,python,910abdfd16e44da3
scripts\tests\test_mt5_direct_management.py,1523,python,d73c4f892c666cdc
scripts\tests\test_mt5_direct_sltp.py,367,python,8b1d71a19f315a6e
scripts\tests\test_mt5_multi_account_policy.py,1150,python,b7ec289e7e6b89e0
scripts\tests\test_mt5_runtime_performance_policy.py,595,python,500ff6a7835bbf1b
scripts\tests\test_mt5_xau_context.py,2193,python,a18ac23568dee720
scripts\tests\test_mt5_xau_context_quality.py,1084,python,a9241468fb04e3ab
scripts\tests\test_mt5_xau_context_regime.py,2406,python,bda92ed26eaef063
scripts\tests\test_mt5_xau_edge_cases.py,3434,python,c802cc7122678d1a
scripts\tests\test_mt5_xau_entry_guard.py,1399,python,1d5ccdf5d78cfbe3
scripts\tests\test_mt5_xau_execution.py,1432,python,98004a0b584b6f26
scripts\tests\test_mt5_xau_exit_analysis.py,2014,python,9eb4ffa477f3c0c8
scripts\tests\test_mt5_xau_history_snapshots.py,1561,python,a3f3035a644af56d
scripts\tests\test_mt5_xau_insights_filter.py,3388,python,d9ec37731acd8bd3
scripts\tests\test_mt5_xau_integration.py,1574,python,169fc48676af9441
scripts\tests\test_mt5_xau_management_report.py,1000,python,ea3ff8992600df3d
scripts\tests\test_mt5_xau_orchestrator.py,1144,python,e22a752fe8998b98
scripts\tests\test_mt5_xau_performance_feedback.py,1430,python,0fe7d8a7b94a17f5
scripts\tests\test_mt5_xau_plan.py,3633,python,c366d7fe18cdc6c2
scripts\tests\test_mt5_xau_plan_lifecycle.py,2165,python,2796aa0fa5067945
scripts\tests\test_mt5_xau_quality_gates.py,2089,python,af1921fc1b46aa62
scripts\tests\test_mt5_xau_reassessment.py,1184,python,a226bd26994563d5
scripts\tests\test_mt5_xau_reassessment_log.py,572,python,3aa70d104ba9fb76
scripts\tests\test_mt5_xau_report.py,3019,python,ffcc2b14e737f334
scripts\tests\test_mt5_xau_report_headlines.py,1505,python,9a3076ea5ab45332
scripts\tests\test_mt5_xau_report_persian_style.py,1305,python,7d3bb2b781459f77
scripts\tests\test_mt5_xau_risk_adaptation.py,549,python,b4214d6e3445b692
scripts\tests\test_mt5_xau_risk_override_wiring.py,2050,python,efda19ded2fd7d43
scripts\tests\test_mt5_xau_runtime_decisions.py,3583,python,326e1488a4ddd66e
scripts\tests\test_mt5_xau_runtime_headlines.py,933,python,ab3e8c4c083daa03
scripts\tests\test_mt5_xau_runtime_live_management.py,2458,python,b56fe79d0d212a19
scripts\tests\test_mt5_xau_runtime_management.py,2224,python,33ddca1bec713264
scripts\tests\test_mt5_xau_runtime_persistence.py,1412,python,9600ac1731165112
scripts\tests\test_mt5_xau_runtime_reporting.py,957,python,b58174f7b89ed828
scripts\tests\test_mt5_xau_runtime_sizing.py,511,python,c76f51ecb3c5f1bd
scripts\tests\test_mt5_xau_runtime_state.py,972,python,8e873256a98e08cd
scripts\tests\test_mt5_xau_setup_ledger.py,3087,python,5f379f56d5482b85
scripts\tests\test_mt5_xau_setup_memory.py,1759,python,de31f6240e3140a4
scripts\tests\test_mt5_xau_sizing.py,2187,python,a7026a35c240e3c7
scripts\tests\test_mt5_xau_smc.py,24891,python,35a48a52af341220
scripts\tests\test_mt5_xau_storage.py,1719,python,04a261d628d8f226
scripts\tests\test_mt5_xau_target_geometry.py,2342,python,01f9dfab22e6511c
scripts\tests\test_mt5_xau_trade_management.py,4504,python,ca4036a3799abbeb
scripts\tests\test_mt5_xau_trader_execution.py,2345,python,28a5454c5269f7c0
scripts\tests\test_mt5_xau_trading_insights.py,4594,python,72ac08097c5b36eb
trading\calendar_cache.json,2762,json,1f3be7575d4063fe
trading\engine_state.json,483,json,84e93ba1bace2427
trading\journal\events.csv,1727,csv,4024fb77c0f1f794
trading\journal\trades.csv,1457,csv,e44f3538b7c01d06
trading\reports\report_20260806_104951.json,12350,json,a44d7be2d8106459
trading\reports\report_20260806_105004.json,12329,json,98fe8353c0931847
trading\reports\report_20260806_110203.json,12353,json,38ff21fc62e7cc0c
trading\reports\report_20260806_110824.json,10846,json,9a115ddc0eeab29a
trading\reports\report_20260806_110825.json,10815,json,72ca36ca5f85af37
trading\reports\report_20260806_111734.json,10797,json,cd3024aacaedf2b4
trading\reports\report_20260806_113303.json,10768,json,b47f125d42a7c5b7
trading\reports\report_20260806_113941.json,10910,json,c865b0b93162dc90
trading\reports\report_20260806_114046.json,10859,json,ca6c99f9701bfc3e
trading\reports\report_20260806_114835.json,10963,json,4f26e221e087399c
trading\reports\report_20260806_120404.json,11315,json,7e08f2e9b071d35f
trading\reports\report_20260806_120543.json,11337,json,085df37f1f5c35ea
trading\reports\report_20260806_120544.json,11337,json,f35c859783f16212
trading\reports\report_20260806_121312.json,11702,json,bf9cd161661f5b73
trading\reports\report_20260806_121313.json,11722,json,5329bf7681ed588a
trading\reports\report_20260806_121935.json,11690,json,2ce8160dfcd300d5
trading\reports\report_20260806_122510.json,15220,json,940611eb8e2a045c
trading\reports\report_20260806_122835.json,11784,json,60ef36f5b9c36194
trading\reports\report_20260806_123505.json,11809,json,a46e4efdfc0149d2
trading\reports\report_20260806_123741.json,11764,json,2958a69a497218b9
trading\reports\report_20260806_125036.json,11733,json,49b6eda27a0d7f2b
trading\reports\report_20260806_125548.json,11745,json,43a19357b276c5a1
trading\reports\report_20260806_125905.json,11814,json,692af3652433d656
trading\reports\report_20260806_130236.json,11793,json,a2db2d93c57ed3b9
trading\reports\report_20260806_130605.json,11819,json,3d57859aa48539a5
trading\reports\report_20260806_130937.json,11810,json,a5c3c2da8237ab86
trading\reports\report_20260806_131305.json,11825,json,bf571eec3050fbe2
trading\reports\report_20260806_131637.json,11817,json,d050fc6676246231
trading\reports\report_20260806_132005.json,11800,json,0ee5126aacca7562
trading\reports\report_20260806_132148.json,11802,json,19c0d4e8b402d50e
trading\reports\report_20260806_132337.json,11788,json,739f85fd2cb685ae
trading\reports\report_20260806_132355.json,11810,json,da61ab9c6d4caead
trading\reports\report_20260806_132356.json,11821,json,8ad1fdb51c6afc8f
trading\reports\report_20260806_132705.json,11765,json,5e4284ceb172e2a3
trading\reports\report_20260806_133037.json,11769,json,2c1052fbbdd2ab49
trading\reports\report_20260806_133406.json,11767,json,565af20f2a83367c
trading\reports\report_20260806_133738.json,11757,json,d5d187f81b325449
trading\reports\report_20260806_134106.json,11777,json,ad822568aa90b538
trading\reports\report_20260806_134438.json,11772,json,77e02de3169f6f74
trading\reports\report_20260806_134806.json,11770,json,60bb1fcb6bb1be13
trading\reports\report_20260806_135138.json,11772,json,a21d6ca34b1383b7
trading\reports\report_20260806_135506.json,11744,json,1e6b239f43f583d8
trading\reports\report_20260806_135838.json,11761,json,c22baa40b978c2f0
trading\reports\report_20260806_140206.json,11764,json,bb8de8e1b3efaa77
trading\reports\report_20260806_140538.json,11811,json,3a2defead713fed2
trading\reports\report_20260806_140906.json,11815,json,6bfbafb770c3439d
trading\reports\report_20260806_141238.json,11818,json,cfe3a49e3731352d
trading\reports\report_20260806_141606.json,11802,json,b48ec1fac792bbfc
trading\reports\report_20260806_141938.json,11835,json,a9c19eacf6f493a9
trading\reports\report_20260806_142307.json,11806,json,0cfd06107999509e
trading\reports\report_20260806_142639.json,11779,json,e83bebdc29c1a6d3
trading\reports\report_20260806_143007.json,11837,json,57db77876d8ee168
trading\reports\report_20260806_143339.json,11823,json,34871a23a93ac105
trading\reports\report_20260806_143707.json,11801,json,26b20bbec8bfaa4b
trading\reports\report_20260806_144041.json,11795,json,f75b86ed3fc37a2b
trading\reports\report_20260806_144407.json,11797,json,78c382dbd9803ef4
trading\reports\report_20260806_144739.json,11776,json,998fff2b2250e872
trading\reports\report_20260806_145107.json,11787,json,ee5ab990088670e9
trading\reports\report_20260806_145440.json,11764,json,745009a871a21020
trading\reports\report_20260806_145807.json,11733,json,465feadd9089b4d5
trading\reports\report_20260806_150146.json,12770,json,7ad986269b9c97c2
trading\reports\report_20260806_150508.json,12775,json,252f2f04678046fc
trading\reports\report_20260806_150818.json,12793,json,3460d56c101d283d
trading\reports\report_20260806_150819.json,12779,json,dcaec249676eafe9
trading\reports\report_20260806_150840.json,12773,json,ac54572e0dc58710
trading\reports\report_20260806_151208.json,12907,json,96fe5ef199022652
trading\reports\report_20260806_151342.json,12905,json,2a5b2f6319fac897
trading\reports\report_20260806_151540.json,12857,json,96880fc12a82ee17
trading\reports\report_20260806_151908.json,12854,json,84a905df3e3c85e3
trading\reports\report_20260806_151924.json,12884,json,f1b84aa7f012d864
trading\reports\report_20260806_152240.json,12874,json,a7788fa61f1bc644
trading\reports\report_20260806_152609.json,12886,json,3294475d37457da8
trading\reports\report_20260806_152940.json,12905,json,edc58e843a26e194
trading\reports\report_20260806_153308.json,12922,json,b96ee5ae9b6d7696
trading\reports\report_20260806_153640.json,12966,json,ad097790cea5aca9
trading\reports\report_20260806_154008.json,12929,json,bd6032a77b378f6d
trading\reports\report_20260806_154341.json,12898,json,3c97ef7ef67f7276
trading\reports\report_20260806_154627.json,12933,json,a9a0b392b4bdfdd9
trading\reports\report_20260806_154708.json,12918,json,3d19e03166c947b7
trading\reports\report_20260806_155041.json,12922,json,496ef38175d5f74e
trading\reports\report_20260806_155410.json,12899,json,9b0a269ce80462b1
trading\reports\report_20260806_155741.json,12894,json,1306daf3dea8b420
trading\reports\report_20260806_192322.json,12914,json,2ee3adfc0813a0ee
trading\reports\report_20260806_192703.json,12832,json,e4c14b81edf7bea1
trading\reports\report_20260806_193018.json,12936,json,ae4fb52f9dd5c7f4
trading\reports\report_20260806_193146.json,12793,json,111c62a2cd3f92ea
trading\reports\report_20260806_193405.json,12929,json,85b6324d97d957d7
trading\reports\report_20260806_193718.json,12769,json,3947cd71f2fc2e30
trading\reports\report_20260806_194104.json,12839,json,54410bc39f0cbddf
trading\reports\report_20260806_194418.json,12811,json,0fc529e9e5ee0583
trading\reports\report_20260806_194622.json,12786,json,7ed4ff1bb68af449
trading\reports\report_20260806_194623.json,12785,json,6c6fb77a9b2dfa5e
trading\reports\report_20260806_194648.json,12769,json,0687a143e8fc8810
trading\reports\report_20260806_194649.json,12738,json,52d579718bdc8939
trading\reports\report_20260806_194716.json,16262,json,6c2128f77b8271d9
trading\reports\report_20260806_194804.json,12833,json,71d3f865e63f32aa
trading\reports\report_20260806_194902.json,16325,json,592577788753264c
trading\reports\report_20260806_195119.json,12888,json,4fbc670048c907b9
trading\reports\report_20260806_195504.json,12896,json,e0e11a83bad26dda
trading\reports\report_20260806_195819.json,12897,json,9f6b33e237f1bb32
trading\reports\report_20260806_200204.json,12881,json,52fbf880e1aa561b
trading\reports\report_20260806_200519.json,12886,json,534f6c628b2a39e0
trading\reports\report_20260806_200904.json,12928,json,cf9757d2d40ad4fd
trading\reports\report_20260806_201219.json,12889,json,122408641e4df52a
trading\reports\report_20260806_201604.json,12897,json,658db55f0bbb59bc
trading\reports\report_20260806_201919.json,12876,json,0b7c283c91531ad5
trading\reports\report_20260806_202305.json,12894,json,ccf0aef8b940e89a
trading\reports\report_20260806_202620.json,12926,json,0e9f38fda871ef8b
trading\reports\report_20260806_203005.json,12947,json,727a2a66a99dd155
trading\reports\report_20260806_203320.json,12936,json,14eac39f0bc4dfc6
trading\reports\report_20260806_203705.json,12942,json,119bf3f2d54cab3f
trading\reports\report_20260806_204020.json,12938,json,633ce5955b1b4fee
trading\reports\report_20260806_204405.json,12940,json,8ff44a181c8f3666
trading\reports\report_20260806_204720.json,12928,json,f89bda8e8f3acf14
trading\reports\report_20260806_205106.json,12930,json,7c376033d09569fc
trading\reports\report_20260806_205212.json,12963,json,18068b7b938fdadd
trading\reports\report_20260806_205312.json,12979,json,dafe8229a87cb24b
trading\reports\report_20260806_205313.json,12971,json,0b6d403d8abec22d
trading\reports\report_20260806_205420.json,12933,json,5245deabcc8d446a
trading\reports\report_20260806_205805.json,12959,json,8e0029d81d9562ad
trading\reports\report_20260806_210121.json,12980,json,656dbde2917250ef
trading\reports\report_20260806_210505.json,12971,json,3fec81270741e852
trading\reports\report_20260806_210821.json,12929,json,57cac49aff7d5aa3
trading\reports\report_20260806_211206.json,12995,json,3d8450d5d7dfcb73
trading\reports\report_20260806_211428.json,12955,json,e9ff8ba936cfb338
trading\reports\report_20260806_211521.json,12923,json,7ad227f61c436481
trading\reports\report_20260806_211906.json,12956,json,130b5c27c008affd
trading\reports\report_20260806_212222.json,12937,json,ffb9d7ebae2537ed
trading\reports\report_20260806_212606.json,12919,json,58415d60343ed9af
trading\reports\report_20260806_212921.json,12939,json,deb36bcbbb82c53a
trading\reports\report_20260806_213306.json,12965,json,1da06314992aebdf
trading\reports\report_20260806_213621.json,12928,json,7bae5a4fba0a07fd
trading\reports\report_20260806_214006.json,12962,json,612ccf1e61a7d88b
trading\reports\report_20260806_214322.json,12959,json,ba6acb85bb14740f
trading\reports\report_20260806_214706.json,12949,json,e6be33f5665c8962
trading\reports\report_20260806_215022.json,12973,json,8840bef1ebe6d561
trading\reports\report_20260806_215200.json,15356,json,322d0a0eb245c0df
trading\reports\report_20260806_215201.json,15355,json,e0c3cda1b9fa7e3f
trading\reports\report_20260806_215407.json,15352,json,bd8631ce8c301580
trading\reports\report_20260806_215722.json,15256,json,e3c894f12293631a
trading\reports\report_20260806_220107.json,15353,json,21793fc013b71e42
trading\reports\report_20260806_220422.json,15275,json,5cd7d37f00245d74
trading\reports\report_20260806_220807.json,15245,json,c8e2670bf4da0bf2
trading\reports\report_20260806_221122.json,15296,json,086e7fea612a4cd5
trading\reports\report_20260806_221507.json,15260,json,6171e1237ab67883
trading\reports\report_20260806_221822.json,15357,json,1ba9b45f1e510f7b
trading\reports\report_20260806_222207.json,15275,json,f9f75d9aafcee158
trading\reports\report_20260806_222522.json,17389,json,90a50ae2b7616131
trading\reports\report_20260806_222907.json,17502,json,76f29bf627f2e674
trading\reports\report_20260806_223223.json,17491,json,081763ccb2b0c59c
trading\reports\report_20260806_223607.json,17515,json,1ee5c851ad851a2a
trading\reports\report_20260806_223923.json,17512,json,07b7b01fc6ff3ad7
trading\reports\report_20260806_224308.json,17429,json,ab3dce8b6b3e0cf4
trading\reports\report_20260806_224623.json,17499,json,7437a19773c56269
trading\reports\report_20260806_224858.json,17422,json,b38f2e6f2f15ebb9
trading\reports\report_20260806_225008.json,17390,json,c089d789436e3dfb
trading\reports\report_20260806_225323.json,17415,json,12aa75f042bf8357
trading\reports\report_20260806_225708.json,17467,json,9256e85c515a55be
trading\reports\report_20260806_230023.json,17457,json,bbb21658942c3039
trading\reports\report_20260806_230341.json,7636,json,6c1a8bcec3a408e6
trading\reports\report_20260806_230408.json,7594,json,884bc198c14390e5
trading\reports\report_20260806_230723.json,7591,json,763514993b29838d
trading\reports\report_20260806_231109.json,7633,json,328f9510d830e07d
trading\reports\report_20260806_231423.json,7630,json,cebd2910d43a1343
trading\reports\report_20260806_231809.json,7603,json,326070128f0baa9e
trading\reports\report_20260806_232124.json,7636,json,61f7ffdf01eeafda
trading\reports\report_20260806_232509.json,7630,json,83eb868dcde0d5f3
trading\reports\report_20260806_232824.json,7630,json,de120fb033106eeb
trading\reports\report_20260806_233209.json,7630,json,73e415de166eafa9
trading\reports\report_20260806_233524.json,7633,json,1283793e04735dc3
trading\reports\report_20260806_233909.json,7549,json,6a17e2ea7b506940
trading\reports\report_20260806_234224.json,7627,json,7e35845c5d1e3910
trading\reports\report_20260806_234609.json,7648,json,8db746e351dcd350
trading\reports\report_20260806_234924.json,7600,json,70189e6d32e46a58
trading\reports\report_20260806_235309.json,7633,json,0cc2a158e76a2cd6
trading\reports\report_20260806_235624.json,7615,json,188e74f29d42d424
trading\reports\report_20260807_000010.json,7624,json,9f7dc44c58348891
trading\reports\report_20260807_000324.json,7621,json,b64cd6f772d8b3a1
trading\reports\report_20260807_000710.json,7588,json,fdd9b11bbfc3f11e
trading\reports\report_20260807_001025.json,7630,json,fcfb844afe4fa10d
trading\reports\report_20260807_001410.json,7636,json,93e0fcf865405ad0
trading\reports\report_20260807_001725.json,7627,json,357e3bc909cc3256
trading\reports\report_20260807_002110.json,7627,json,78ea44668ccf569b
trading\reports\report_20260807_002425.json,7630,json,7716d90c5d0379ac
trading\reports\report_20260807_002810.json,7627,json,017f5e8332d3ae39
trading\reports\report_20260807_003125.json,7591,json,251a25d97d020103
trading\reports\report_20260807_003510.json,7594,json,03b59833d8d20d9f
trading\reports\report_20260807_003825.json,7594,json,d31782ea562704f3
trading\reports\report_20260807_004210.json,7591,json,5676526a424dc8a9
trading\reports\report_20260807_004526.json,7588,json,43d4305afe75ffd5
trading\reports\report_20260807_004910.json,7591,json,c3ce1e880e67b084
trading\reports\report_20260807_005225.json,7594,json,0b5b76ebc774e06d
trading\reports\report_20260807_005610.json,7594,json,4f0ada24079e7c53
trading\reports\report_20260807_005926.json,7594,json,d8c8f11f5d19cc4d
trading\reports\report_20260807_010311.json,7594,json,64130428a20cac67
trading\reports\report_20260807_010626.json,7591,json,69fb962cd452936c
trading\reports\report_20260807_011011.json,7591,json,019e10f4e700f551
trading\reports\report_20260807_011326.json,7591,json,28a22f2799aab2c1
trading\reports\report_20260807_011711.json,7594,json,64130428a20cac67
trading\reports\report_20260807_012026.json,7594,json,b4d4d2899ab95ba5
trading\reports\report_20260807_012411.json,7591,json,296cdd669ea1524c
trading\reports\report_20260807_012726.json,7586,json,40e7de4cf2140b34
trading\reports\report_20260807_013111.json,7734,json,37a661c17b7c66e9
trading\reports\report_20260807_013427.json,7731,json,9574bf8e37b47d60
trading\reports\report_20260807_013812.json,7640,json,74be668a54c7b93a
trading\reports\report_20260807_014127.json,7637,json,7d12819433af471e
trading\reports\report_20260807_014512.json,7643,json,8f750fdd0ca8cbf0
trading\reports\report_20260807_014827.json,7640,json,543edaac39e29854
trading\reports\report_20260807_015212.json,7601,json,7db629ac2dbb7ffd
trading\reports\report_20260807_015527.json,7652,json,74fe916cba440026
trading\reports\report_20260807_015912.json,7604,json,d8ab8358b682d16d
trading\reports\report_20260807_020227.json,7643,json,5e8bb42fbd96fe97
trading\reports\report_20260807_020612.json,7646,json,654cb904758eba09
trading\reports\report_20260807_020927.json,7598,json,c1082c69bcc52656
trading\reports\report_20260807_021313.json,7640,json,d5cebe8d7847ed58
trading\reports\report_20260807_021627.json,7643,json,7b24ac56699eca73
trading\reports\report_20260807_022012.json,7643,json,7f001961ab3597ca
trading\reports\report_20260807_022328.json,7637,json,4a545ff3c66af643
trading\reports\report_20260807_022713.json,7637,json,25e4475df5bba7a0
trading\reports\report_20260807_023028.json,7637,json,0a0882701bee3110
trading\reports\report_20260807_023413.json,7640,json,9b62c25be38f4cfb
trading\reports\report_20260807_023728.json,7643,json,22e6ce3a4ab57b24
trading\reports\report_20260807_024113.json,7643,json,d35a9a01f6fe28d3
trading\reports\report_20260807_024428.json,7643,json,f8d4c99ee7fdfa48
trading\reports\report_20260807_024814.json,7598,json,e65e307398a03f77
trading\reports\report_20260807_025128.json,7634,json,e38476ad34075318
trading\reports\report_20260807_025513.json,7643,json,67cf8c1fe170dabb
trading\reports\report_20260807_025828.json,7595,json,106f117db8a3781a
trading\reports\report_20260807_030214.json,7640,json,2a8200ca90cd1207
trading\reports\report_20260807_030528.json,7643,json,83fd943850ada056
trading\reports\report_20260807_030914.json,7640,json,e7d055ac41569cc9
trading\reports\report_20260807_031229.json,7637,json,a99c4cbbc9f87ac4
trading\reports\report_20260807_031614.json,7640,json,e7bb685300843650
trading\reports\report_20260807_031929.json,7616,json,5ef87d73cb2be574
trading\reports\report_20260807_032314.json,7631,json,7b16c20849fc5de6
trading\reports\report_20260807_032629.json,7628,json,51ce04851aeda7ac
trading\reports\report_20260807_033014.json,7565,json,1d24c4075bfdccf6
trading\reports\report_20260807_033329.json,7598,json,f131a3b6f94bbd01
trading\reports\report_20260807_033714.json,7601,json,97a2ab7d56d1bff0
trading\reports\report_20260807_034029.json,7598,json,abb8b44f0d918f9a
trading\reports\report_20260807_034414.json,7610,json,487215a763688c0b
trading\reports\report_20260807_034729.json,7619,json,f4643e6fe95f99e3
trading\reports\report_20260807_035115.json,7616,json,f8eceb3ebc2bafa3
trading\reports\report_20260807_035430.json,7616,json,070deea419fb6c08
trading\reports\report_20260807_035815.json,7607,json,2e4333bcb67ef8e3
trading\reports\report_20260807_040130.json,7604,json,afef62a9ab42fba1
trading\reports\report_20260807_040515.json,7604,json,17f4a229e4ac05cd
trading\reports\report_20260807_040830.json,7613,json,2feb3b4bba81c9ae
trading\reports\report_20260807_041215.json,7613,json,f2469fdac234dba1
trading\reports\report_20260807_041530.json,7613,json,000325851848c1ab
trading\reports\report_20260807_041915.json,7604,json,d337dc5a02a468a1
trading\reports\report_20260807_042230.json,7613,json,9407359adcbe0c4f
trading\reports\report_20260807_042615.json,7613,json,6bbdad058d58195f
trading\reports\report_20260807_042930.json,7619,json,d5fb9eb2ffa66a39
trading\reports\report_20260807_043316.json,7610,json,dc346bd548f2820d
trading\reports\report_20260807_043631.json,7604,json,2b44b968cf55af9f
trading\reports\report_20260807_044016.json,7616,json,8dc076de078f3230
trading\reports\report_20260807_044331.json,7610,json,5d5e9cde3296023e
trading\reports\report_20260807_044716.json,7619,json,bf1d6b627ad8d5eb
trading\reports\report_20260807_045031.json,7613,json,478045ca168f7639
trading\reports\report_20260807_045416.json,7574,json,915d070479e84ada
trading\reports\report_20260807_045731.json,7613,json,b08ceb7ef1b44365
trading\reports\report_20260807_050116.json,7616,json,ebd837f5e66adc06
trading\reports\report_20260807_050431.json,7625,json,1501d05ac1e7394d
trading\reports\report_20260807_050816.json,7607,json,9213b3cd60d949ac
trading\reports\report_20260807_051131.json,7565,json,bbfc791e87384251
trading\reports\report_20260807_051516.json,7616,json,5bfd7ea1c5605c3a
trading\reports\report_20260807_051832.json,7616,json,b7a826eb2888a842
trading\reports\report_20260807_052153.json,7604,json,c6fd8afb2037403b
trading\reports\report_20260807_052154.json,7604,json,063dccf16b91f0ad
trading\reports\report_20260807_052216.json,7601,json,19b059be5abd02a0
trading\reports\report_20260807_052532.json,7604,json,1dc10062fe7524f0
trading\reports\report_20260807_052917.json,7628,json,2cb1c9f98bb9b7f4
trading\reports\report_20260807_053232.json,7628,json,ce3b57f6ef6fe460
trading\reports\report_20260807_053348.json,8272,json,665275555bb56b04
trading\reports\report_20260807_053349.json,8265,json,9567458964ce9a74
trading\reports\report_20260807_053617.json,8250,json,047c404d1874327d
trading\reports\report_20260807_053932.json,8266,json,450756e7909faae3
trading\reports\report_20260807_054317.json,8266,json,33bbfab56625c439
trading\reports\report_20260807_054632.json,8221,json,f70e328895dbef55
trading\reports\report_20260807_055017.json,8265,json,f4121109bdab6648
trading\reports\report_20260807_055332.json,8269,json,d2b3b0e2b13fcfba
trading\reports\report_20260807_055717.json,8266,json,a208ff6b2ec39914
trading\reports\report_20260807_060033.json,8259,json,c5daea2b93782402
trading\reports\report_20260807_060417.json,8266,json,4717e6ba1a8abc2f
trading\reports\report_20260807_060733.json,7613,json,88332b1f844db19b
trading\reports\report_20260807_061117.json,7625,json,29b9c4aaea55aec1
trading\reports\report_20260807_061433.json,7604,json,847d952a2306583f
trading\reports\report_20260807_061818.json,7616,json,97d8ac06df03206e
trading\reports\report_20260807_062133.json,7625,json,1c0b1a464e22c27e
trading\reports\report_20260807_062518.json,8266,json,664e5c96a01fb780
trading\reports\report_20260807_062833.json,7616,json,374ac2bbe8194ddd
trading\reports\report_20260807_063218.json,8263,json,7d3b8aff95f49d0d
trading\reports\report_20260807_063533.json,8256,json,838f21dc34e16d38
trading\reports\report_20260807_063918.json,8260,json,286265bc13b047d9
trading\reports\report_20260807_064233.json,8272,json,7fa7a7a9cddf98ea
trading\reports\report_20260807_064618.json,8272,json,505162b3a745ae3a
trading\reports\report_20260807_064934.json,8263,json,cd4318510cd5b503
trading\reports\report_20260807_065318.json,8269,json,8183c8698f5df2e3
trading\reports\report_20260807_065634.json,8270,json,4176dc4a237d0717
trading\reports\report_20260807_070019.json,8263,json,7a3095080036dc35
trading\reports\report_20260807_070334.json,8256,json,4ed5da3a48acec5d
trading\reports\report_20260807_070719.json,8227,json,1e5e95c361043459
trading\reports\report_20260807_071034.json,8263,json,36d6becda0b49edb
trading\reports\report_20260807_071419.json,8265,json,d4839b30c5682eed
trading\reports\report_20260807_071734.json,8262,json,ffc15bf2a394841b
trading\reports\report_20260807_072119.json,8248,json,bda6fcc25c4cc597
trading\reports\report_20260807_072434.json,8257,json,59a62a440280cca2
trading\reports\report_20260807_072819.json,8258,json,e2c070ba916020db
trading\reports\report_20260807_073134.json,8269,json,6166c5ae072591fe
trading\reports\report_20260807_073519.json,8233,json,39415f2529193309
trading\reports\report_20260807_073835.json,8272,json,e27d69d41d24ff8b
trading\reports\report_20260807_074220.json,8269,json,0942bdf2211b7f60
trading\reports\report_20260807_074535.json,8272,json,8082205d7eceda2c
trading\reports\report_20260807_074920.json,8265,json,d75e9e2650f9be6b
trading\reports\report_20260807_075235.json,8259,json,8c3cef30932b3a2b
trading\reports\report_20260807_075620.json,8262,json,94cb457823c47c0a
trading\reports\report_20260807_075935.json,8257,json,49d68c73863ed0cd
trading\reports\report_20260807_080320.json,8254,json,1eccbecaa70b7854
trading\reports\report_20260807_080635.json,8257,json,58ac953781d02d14
trading\reports\report_20260807_081020.json,8257,json,431b26da807808fc
trading\reports\report_20260807_081335.json,8263,json,a1e468c85ff4777e
trading\reports\report_20260807_081720.json,8262,json,b2c9bde49899dada
trading\reports\report_20260807_082035.json,8263,json,44837f9e6385bfcd
trading\reports\report_20260807_082420.json,8266,json,6d06d15b81f2956e
trading\reports\report_20260807_082735.json,8253,json,058db4776bfb4d1c
trading\reports\report_20260807_083121.json,8269,json,7613cbdaad661d1b
trading\reports\report_20260807_083436.json,8254,json,a2c7dd233c6f731e
trading\reports\report_20260807_083821.json,8245,json,ad89da2526aac7f1
trading\reports\report_20260807_084136.json,8252,json,bda07f6828e6f619
trading\reports\report_20260807_084351.json,8275,json,f9f466a5f42bc046
trading\reports\report_20260807_084353.json,11159,json,6c409482694d3108
trading\reports\report_20260807_084521.json,7634,json,fb7fc2af6189ea32
trading\reports\report_20260807_084836.json,7674,json,d0db557ab87bf92f
trading\reports\report_20260807_085221.json,7662,json,a1d1de0f3ee3ae83
trading\reports\report_20260807_085536.json,7633,json,bf56b1e03024d27b
trading\reports\report_20260807_085921.json,7689,json,0c8cd2ce29e9bfbd
trading\reports\report_20260807_090237.json,7681,json,17fcb76a634645f2
trading\reports\report_20260807_090621.json,7709,json,99752a43159906e2
trading\reports\report_20260807_090937.json,7675,json,ef0da493e192f6bb
trading\reports\report_20260807_091321.json,7678,json,8f802a5dbc88fb4b
trading\reports\report_20260807_091637.json,7663,json,f11ba5a5e52f500a
trading\reports\report_20260807_092022.json,7678,json,79cb6070dabc1134
trading\reports\report_20260807_092337.json,7687,json,bfff5508a994a59a
trading\reports\report_20260807_092722.json,7680,json,34c22e70ef90e662
trading\reports\report_20260807_093037.json,7768,json,dffcef23996bad2f
trading\reports\report_20260807_093422.json,7639,json,20110fa5def5b604
trading\reports\report_20260807_093737.json,7636,json,fc89d4795247ab1b
trading\reports\report_20260807_094122.json,7677,json,aa8fa6992fad756f
trading\reports\report_20260807_094437.json,7689,json,83ede78d837476f0
trading\reports\report_20260807_094822.json,7684,json,69115f0d873c440d
trading\reports\report_20260807_095138.json,7681,json,f46ed28875055cd1
trading\reports\report_20260807_095522.json,7684,json,e31efb2997827264
trading\reports\report_20260807_095838.json,7690,json,127cd773a61040f3
trading\reports\report_20260807_100223.json,7648,json,b19bafec223542ad
trading\reports\report_20260807_100538.json,7681,json,c00294f158069827
trading\reports\report_20260807_100923.json,7684,json,84a5407fa823a389
trading\reports\report_20260807_101238.json,7666,json,d4becda053e63883
trading\reports\report_20260807_101623.json,7671,json,7f8f1ec2c12cbfa9
trading\reports\report_20260807_101938.json,7636,json,ec3c184803fc59c5
trading\reports\report_20260807_102331.json,7645,json,444de5ad8d34bb54
trading\reports\report_20260807_102638.json,7680,json,a77a48960eb3ab42
trading\reports\report_20260807_103024.json,11128,json,9327e48b3b52dddf
trading\reports\report_20260807_103339.json,7670,json,2ab4ef1c8ee035cd
trading\reports\report_20260807_103723.json,7676,json,19ae95a1ecf1bb99
trading\reports\report_20260807_104039.json,7689,json,e7bcb2347748db3a
trading\reports\report_20260807_104429.json,7691,json,fb8fb50f7542a2ea
trading\reports\report_20260807_104739.json,7689,json,4ec2bdb40cdf07e2
trading\reports\report_20260807_105129.json,7689,json,8af44155c75295a3
trading\reports\report_20260807_105439.json,7644,json,304ed44248db9e79
trading\reports\report_20260807_105829.json,11166,json,eec4ebf1d17e1028
trading\reports\report_20260807_110139.json,7676,json,58e815fa91920727
trading\reports\report_20260807_110529.json,7675,json,6097d4d584a65750
trading\reports\report_20260807_110839.json,7686,json,b1e627a4df92747d
trading\reports\report_20260807_111229.json,7686,json,c72dd05428f99ec6
trading\reports\report_20260807_111539.json,7652,json,fe38240bc2014285
trading\reports\report_20260807_111929.json,7695,json,8fbaf43db6132fa4
trading\reports\report_20260807_112240.json,7701,json,a824e1b37d813c65
trading\reports\report_20260807_112630.json,7698,json,9facb4e841493325
trading\reports\report_20260807_112940.json,7695,json,c33405abeab87c4d
trading\reports\report_20260807_113330.json,7692,json,dec8ea691f9d94a5
trading\reports\report_20260807_113640.json,7701,json,15ee57e13249955f
trading\reports\report_20260807_114030.json,7773,json,dd1fcb5552858164
trading\reports\report_20260807_114340.json,7673,json,bed3a702a0ec870c
trading\reports\report_20260807_114730.json,7677,json,68c5525f51a59ef8
trading\reports\report_20260807_115040.json,7671,json,f754363bbdc425c7
trading\reports\report_20260807_115430.json,7669,json,d3e3bf1a1e58da16
trading\reports\report_20260807_115740.json,7686,json,1a40362b21769228
trading\reports\report_20260807_120130.json,7708,json,49d03ff7456df1d1
trading\reports\report_20260807_120440.json,11127,json,a6e4bf2ceed48050
trading\reports\report_20260807_120830.json,7775,json,5e84b3b6d17ae2e5
trading\reports\report_20260807_121140.json,7778,json,6d1bead0d0b87fa4
trading\reports\report_20260807_121531.json,11107,json,938e2618561dc4c2
trading\reports\report_20260807_121840.json,7652,json,a8de2734f28664c3
trading\reports\report_20260807_122231.json,7616,json,081fea9f7cdec155
trading\reports\report_20260807_122541.json,7667,json,87d7459a1f97e826
trading\reports\report_20260807_122931.json,7665,json,c90c65f15b9c3de8
trading\reports\report_20260807_123241.json,7665,json,67cc7c856e4a1e69
trading\reports\report_20260807_123631.json,7671,json,53387b21e388800c
trading\xau_heartbeat\heartbeat.json,917,json,57a609535eae2d80
trading\xau_journal\j_20260808_170139_01.json,1262,json,d8fbfdd78439a869
trading\xau_journal\j_20260808_171844_01.json,1200,json,af6e26e1a3cc4423
trading\xau_journal\j_20260808_174311_01.json,1455,json,e8cb26d33b02785b
trading\xau_journal\j_20260808_180056_01.json,1067,json,3198af2e0970f8a1
trading\xau_journal\j_20260808_180457_01.json,875,json,293b2ad98ea2de4a
trading\xau_journal\j_20260808_182128_01.json,1506,json,458fdfea72cf5d82
trading\xau_journal\j_20260808_183940_01.json,1345,json,9fd4b9661f7570fc
trading\xau_journal\j_20260808_185801_01.json,1901,json,d3dc8395d079ec2e
trading\xau_journal\j_20260808_195006_01.json,2184,json,7c74c82ff4221f19
trading\xau_journal\j_20260808_200930_01.json,982,json,5fd2e8bda61a26e1
trading\xau_journal\j_20260808_205837_01.json,1151,json,afd959046a41ceb0
trading\xau_journal\j_20260808_220300_01.json,1548,json,d475104f09316268
trading\xau_journal\j_20260808_222000_01.json,1413,json,691cde7321dcb3b1
trading\xau_journal\j_20260808_225654_01.json,999,json,25133e80a3532e26
trading\xau_journal\j_20260808_231417_01.json,1177,json,766c8095f60a61b6
trading\xau_journal\j_20260809_000349_01.json,1271,json,797ed117c9597949
trading\xau_journal\j_20260809_002200_01.json,1220,json,1b2f7844a26d0372
trading\xau_journal\j_20260809_003648_01.json,1467,json,902ef41863d3e6bb
trading\xau_journal\j_20260809_003900_01.json,1022,json,676489e735c1fc07
trading\xau_journal\j_20260809_005600_01.json,1161,json,8b472cae947a07bc
trading\xau_journal\j_20260809_011300_01.json,1209,json,91c9d8e6bcfcc95f
trading\xau_journal\j_20260809_015100_01.json,1385,json,6f0eda48f1915975
trading\xau_journal\j_20260809_020800_01.json,1497,json,d2261435dcb6025f
trading\xau_journal\j_20260809_024200_01.json,1394,json,4502d27fe2a8d92f
trading\xau_journal\j_20260809_030118_01.json,1323,json,0f5c7ffc892b4742
trading\xau_journal\j_20260809_042300_01.json,1472,json,2f0b788e4248dfb3
trading\xau_journal\j_20260809_043957_01.json,1457,json,6a5830fcdd8b9f43
trading\xau_journal\j_20260809_051503_01.json,1349,json,952ed735cb958056
trading\xau_journal\j_20260809_060700_01.json,1612,json,05dff80c56e09cf9
trading\xau_journal\j_20260809_071111_01.json,1397,json,a84af2f3ffbf4a8a
trading\xau_journal\j_20260809_074307_01.json,1605,json,f23a630d593a4ded
trading\xau_journal\j_20260809_080207_01.json,903,json,8490246ce1977bd9
trading\xau_journal\j_20260809_081808_01.json,1109,json,ea6aa7fd459cb06f
trading\xau_journal\j_20260809_083500_01.json,1429,json,56f9041197f18484
trading\xau_journal\j_20260809_094100_01.json,1370,json,4f967b81c6ae4cac
trading\xau_journal\j_20260809_103100_01.json,1423,json,90e3b428326df15a
trading\xau_journal\j_20260809_110313_01.json,1392,json,3acbe88fb4c6a539
trading\xau_journal\j_20260809_113750_01.json,1748,json,386a8614d467e2ba
trading\xau_journal\j_20260809_115500_01.json,1852,json,a684c47fc38c07e1
trading\xau_journal\j_20260809_131533_01.json,2226,json,1a8c4d0c57588aa6
trading\xau_journal\j_20260809_140430_01.json,1122,json,5932631e470e1a22
trading\xau_journal\j_20260809_145630_01.json,1342,json,662ac0d2e3acdf9b
trading\xau_journal\j_20260809_161800_01.json,1494,json,e45a59d014d83e71
trading\xau_journal\j_20260809_173141_01.json,1562,json,0bb5f4096c7db491
trading\xau_journal\j_20260809_182025_01.json,1778,json,d9a2694f11e8f166
trading\xau_journal\j_20260809_183000_weekly_review.json,3852,json,bd2d0d79540257d9
trading\xau_journal\j_20260809_185300_01.json,1524,json,3c1383321457f512
trading\xau_journal\j_20260809_213600_01.json,1202,json,379891687f0421e0
trading\xau_journal\j_20260810_061002_01.json,858,json,1bea9152a155189f
trading\xau_journal\j_20260810_085236_01.json,2211,json,779fd64cda857562
trading\xau_journal\j_20260810_091505_01.json,2350,json,4261d1d7076a641d
trading\xau_journal\j_20260810_111245_01.json,2754,json,53bc2f1ccd79fe82
trading\xau_journal\j_20260810_132900_01.json,2810,json,9a63e224552c5869
trading\xau_journal\j_20260810_143723_01.json,3305,json,96eeb1958ea00358
trading\xau_journal\j_20260810_150512_01.json,3131,json,778cfb5212162743
trading\xau_journal\j_20260810_162100_01.json,3771,json,9a0ffa1e1d32d13c
trading\xau_journal\j_20260810_183457_01.json,3674,json,61476370f2918a56
trading\xau_journal\j_20260810_213948_01.json,3864,json,cf4235b32f53f904
trading\xau_journal\j_20260810_224649_01.json,5429,json,0c5a236b09e66a1e
trading\xau_journal\j_20260810_234352_01.json,5153,json,a12e7c59e570dcd0
trading\xau_journal\j_20260811_010925_01.json,6288,json,1e939b29dc450e05
trading\xau_journal\j_20260811_025556_01.json,7222,json,063493ca87646e9e
trading\xau_journal\j_20260811_031942_01.json,7611,json,8835e8217f2a060d
trading\xau_journal\j_20260811_033800_01.json,8116,json,7fb51360043998a6
trading\xau_journal\j_20260813_165105_01.json,1351,json,3090127f341cdb6d
trading\xau_journal\learning_WEEK_2026-W32.md,791,markdown,ab68cc9ed37c4447
trading\xau_plan\current_plan.json,18395,json,86f41854d6e06870
trading\xau_plan\current_presession.json,4824,json,f1a467e6f0ccf9da
trading\xau_plan\daily_bias_20260811.json,960,json,44d3b3816d98b880
trading\xau_plan\performance_state.json,137,json,6b834b4566715e99
trading\xau_plan\plan_history\20260807_130944_xau-f56c09ef.json,709,json,b22ca375671c1450
trading\xau_plan\plan_history\20260807_174658_xau-4c97f2ce.json,963,json,526fbeffa0622505
trading\xau_plan\plan_history\20260807_215447_xau-9a0019e8.json,1075,json,83adcd4d52258842
trading\xau_plan\plan_history\20260808_020251_xau-52a32bc7.json,1078,json,ab17e05d83eb0512
trading\xau_plan\plan_history\20260808_072719_xau-fb1a9496.json,1147,json,43e618ac0faa0211
trading\xau_plan\plan_history\20260808_130826_xau-c85d05df.json,18387,json,89112c4d90b9ba46
trading\xau_plan\presession_20260808.json,3568,json,7414ecff39ae013d
trading\xau_plan\presession_20260810.json,3575,json,6593f866f1339408
trading\xau_plan\presession_20260811.json,3572,json,2ea452dc2d7f067f
trading\xau_plan\presession_20260813.json,4824,json,f1a467e6f0ccf9da
trading\xau_plan\reassessment_log.csv,468,csv,df7a46e86d5143e3
trading\xau_plan\review_snapshots\latest_snapshot.json,5122,json,2ecc156400d726ee
trading\xau_plan\review_snapshots\snapshot_20260808_094136.json,1468,json,e0f3e88e3ca5d174
trading\xau_plan\review_snapshots\snapshot_20260808_104423.json,1468,json,1ceb2b5284695ee6
trading\xau_plan\review_snapshots\snapshot_20260808_104841.json,3610,json,7a9768423a2364ef
trading\xau_plan\review_snapshots\snapshot_20260808_120642.json,5121,json,e2ffd69d2a7ec539
trading\xau_plan\review_snapshots\snapshot_20260808_121307.json,5121,json,ec5510a88364c9ad
trading\xau_plan\review_snapshots\snapshot_20260808_121345.json,5121,json,d79a9ac209215c0f
trading\xau_plan\review_snapshots\snapshot_20260808_130826.json,5122,json,2ecc156400d726ee
trading\xau_plan\runtime_state.json,163,json,b946b6ecc72c2d23
