date,text,leg,skip,side,entry,sl,tp1,rungs,pnl_tp1,pnl_ladder,outcome_tp1,outcome_ladder,bias,verdict,score,rr_tp1,rr_ladder,mfe,mae
2026-06-08T08:24:38+00:00,"Gold sell now 4292 - 4295

SL: 4299

TP: 4290
TP: 4288
TP: 4286
TP: op",4292.0,,SELL,4292.0,4299.0,4290.0,3,-7.0,-7.0,sl,sl_full,,,,0.29,0.57,119.63,-71.29
2026-06-09T06:37:56+00:00,"Gold buy now 4332.3 - 4319

SL: 4316

TP: 4335
TP: 4337
TP: 4339
TP: o",4332.3,,BUY,4332.3,4316.0,4335.0,3,2.7,1.35,tp1,be,,,,0.17,0.29,30.99,-308.56
2026-06-11T07:53:39+00:00,"Gold buy now 4107.8 - 4103

SL: 4098

TP: 4110
TP: 4112
TP: 4114
TP: 4",4107.8,,BUY,4107.8,4098.0,4110.0,4,2.2,1.1,tp1,be,,,,0.22,0.53,227.67,-54.73
2026-06-12T11:13:10+00:00,"Gold buy now 4216 - 4213

SL: 4209

TP: 4218
TP: 4220
TP: 4222
TP: 422",4216.0,,BUY,4216.0,4209.0,4218.0,4,-7.0,-7.0,sl,sl_full,,,,0.29,0.71,153.29,-38.83
2026-06-12T11:13:11+00:00,"Gold buy now re-entry 4213 - 4210

SL: 4207

TP: 4215
TP: 4217
TP: 421",4213.0,,BUY,4213.0,4207.0,4215.0,3,-6.0,-6.0,sl,sl_full,,,,0.33,0.67,156.29,-35.83
2026-06-15T07:10:43+00:00,"Gold buy now 4312.5 - 4309

SL: 4305

TP: 4315
TP: 4317
TP: 4319
TP: o",4312.5,,BUY,4312.5,4305.0,4315.0,3,2.5,1.25,tp1,be,,,,0.33,0.6,56.79,-11.63
2026-06-16T08:57:04+00:00,"Gold buy now 4340.5 - 4337

SL: 4333

TP: 4343
TP: 4345
TP: 4347
TP: 4",4340.5,,BUY,4340.5,4333.0,4343.0,4,2.5,1.25,tp1,be,,,,0.33,0.73,41.84,-121.53
2026-06-16T11:04:13+00:00,"Gold buy now 4342 - 4339

SL: 4335

TP: 4344
TP: 4346
TP: 4348
TP: ope",4342.0,,BUY,4342.0,4335.0,4344.0,3,2.0,1.0,tp1,be,,,,0.29,0.57,40.34,-123.03
2026-06-18T09:23:40+00:00,"Gold buy now 4270.5 - 4267

SL: 4263

TP: 4273
TP: 4275
TP: 4277
TP: o",4270.5,,BUY,4270.5,4263.0,4273.0,3,2.5,1.25,tp1,be,,,,0.33,0.6,6.91,-148.81
2026-06-18T10:16:04+00:00,"Gold buy now 4270.5 - 4267

SL: 4263

TP: 4273
TP: 4275
TP: 4277
TP: o",4270.5,,BUY,4270.5,4263.0,4273.0,3,2.5,1.25,tp1,be,,,,0.33,0.6,6.91,-148.81
2026-06-19T08:43:23+00:00,"Gold sell now 4173.9 - 4177

SL: 4181

TP: 4170
TP: 4168
TP: 4166
TP: ",4173.9,,SELL,4173.9,4181.0,4170.0,3,3.9,1.95,tp1,be,,,,0.55,0.83,83.0,-47.06
2026-06-19T09:25:37+00:00,"Gold sell now 4167.3 - 4170.5

SL: 4175

TP: 4165
TP: 4163
TP: 4161
TP",4167.3,,SELL,4167.3,4175.0,4165.0,3,2.3,1.15,tp1,be,,,,0.3,0.56,76.4,-53.66
2026-06-22T06:39:47+00:00,"Gold buy now 4198.2 - 4195

SL: 4192

TP: 4200
TP: 4202
TP: 4204
TP. o",4198.2,,BUY,4198.2,4192.0,4200.0,3,-6.2,-6.2,sl,sl_full,,,,0.29,0.61,17.17,-147.82
2026-06-22T07:32:30+00:00,"Gold buy now 4199.3 - 4196

SL: 4193

TP: 4201
TP: 4203
TP: 4205
TP: o",4199.3,,BUY,4199.3,4193.0,4201.0,3,1.7,0.85,tp1,be,,,,0.27,0.59,16.07,-148.92
2026-06-22T08:02:57+00:00,"Gold sell now 4190.5 - 4194

SL: 4197

TP: 4188
TP: 4186
TP: 4184
TP: ",4190.5,,SELL,4190.5,4197.0,4188.0,4,2.5,1.25,tp1,be,,,,0.38,0.85,140.12,-24.87
2026-06-22T11:23:04+00:00,"Gold buy now 4210 - 4206

SL: 4201

TP: 4215
TP: 4217
TP: 4219
TP: ope",4210.0,,BUY,4210.0,4201.0,4215.0,3,5.0,2.5,tp1,be,,,,0.56,0.78,5.37,-159.62
2026-06-23T06:42:43+00:00,"Gold sell now 4115.2 - 4118

SL: 4121

TP: 4113
TP: 4111
TP: 4109
TP: ",4115.2,,SELL,4115.2,4121.0,4113.0,4,-5.8,-5.8,sl,sl_full,,,,0.38,0.9,156.24,-29.79
2026-06-24T08:04:02+00:00,"Gold sell now 4076.6 - 4080

SL: 4084

TP: 4074
TP: 4072
TP: 4070
TP: ",4076.6,,SELL,4076.6,4084.0,4074.0,3,-7.4,-7.4,sl,sl_full,,,,0.35,0.62,117.64,-20.99
2026-06-25T08:08:26+00:00,"Gold sell now 3990.8 - 3994

SL: 3997

TP: 3988
TP: 3986
TP: 3984
TP: ",3990.8,,SELL,3990.8,3997.0,3988.0,3,-6.2,-6.2,sl,sl_full,,,,0.45,0.77,19.31,-105.39
2026-06-26T08:55:46+00:00,"Gold sell now 4033.6 - 4037

SL: 4041

TP: 4031
TP: 4029
TP: 4027
TP: ",4033.6,,SELL,4033.6,4041.0,4031.0,3,2.6,1.3,tp1,be,,,,0.35,0.62,91.23,-62.59
2026-06-26T09:09:30+00:00,"Gold sell now 4035.5 - 4039

SL: 4043

TP: 4033
TP: 4031
TP: 4029
TP: ",4035.5,,SELL,4035.5,4043.0,4033.0,3,2.5,1.25,tp1,be,,,,0.33,0.6,93.13,-60.69
2026-06-26T09:57:42+00:00,"Gold buy now 4050 - 4047

SL: 4044

TP: 4052
TP: 4054
TP: 4056
TP: 405",4050.0,,BUY,4050.0,4044.0,4052.0,4,2.0,1.0,tp1,be,,,,0.33,0.83,46.19,-107.63
2026-06-29T08:39:00+00:00,"Gold buy now 4063.7 - 4060

SL: 4056

TP: 4066
TP: 4068
TP: 4070
TP: o",4063.7,,BUY,4063.7,4056.0,4066.0,3,-7.7,-7.7,sl,sl_full,,,,0.3,0.56,4.84,-121.33
2026-06-29T09:08:01+00:00,"Gold buy now 4050.6 - 4047

SL: 4042

TP: 4053
TP: 4055
TP: 4057
TP: 4",4050.6,,BUY,4050.6,4042.0,4053.0,4,2.4,1.2,tp1,be,,,,0.28,0.63,12.77,-108.23
2026-06-29T09:31:04+00:00,"Gold buy now 4048.3 - 4044

SL: 4041

TP: 4051
TP: 4053
TP: 4055
TP: 4",4048.3,,BUY,4048.3,4041.0,4051.0,4,2.7,1.35,tp1,be,,,,0.37,0.78,15.07,-105.93
2026-06-30T06:48:33+00:00,"Gold buy now 4030 - 4027

SL: 4023

TP: 4032
TP: 4034
TP: 4036
TP: ope",4030.0,,BUY,4030.0,4023.0,4032.0,3,-7.0,-7.0,sl,sl_full,,,,0.29,0.57,85.73,-69.82
2026-06-30T07:32:56+00:00,"Gold buy now 4028 - 4025

SL: 4020

TP: 4030
TP: 4032
TP: 4034
TP: ope",4028.0,,BUY,4028.0,4020.0,4030.0,3,-8.0,-8.0,sl,sl_full,,,,0.25,0.5,87.73,-67.82
2026-07-01T07:22:05+00:00,"Gold sell now 3970 - 3973

SL: 3977

TP: 3968
TP: 3966
TP: 3964
TP: op",3970.0,,SELL,3970.0,3977.0,3968.0,3,-7.0,-7.0,sl,sl_full,,,,0.29,0.57,9.82,-225.49
2026-07-02T08:09:46+00:00,"Gold buy now 4069 - 4066

SL: 4061

TP: 4072
TP: 4074
TP: 4076
TP: 407",4069.0,,BUY,4069.0,4061.0,4072.0,4,3.0,1.5,tp1,be,,,,0.38,0.75,134.12,-11.61
2026-07-02T20:02:22+00:00,"Been buying, been selling, been profiting today again, all trades win!",0,unparsed,SELL,4148.0,0.0,0.0,0,0.0,0.0,,,,,,0.0,0.0,0.0,0.0
2026-07-06T07:55:58+00:00,"Gold buy now 4164.3 - 4161

SL: 4157

TP: 4166.3
TP: 4168
TP: 4170
TP:",4164.3,,BUY,4164.3,4157.0,4166.3,3,2.0,1.0,tp1,be,,,,0.27,0.52,16.36,-71.89
2026-07-06T10:16:42+00:00,"Gold sell now 4140 - 4144

SL: 4149

TP: 4138
TP: 4136
TP: 4134
TP: 41",4140.0,,SELL,4140.0,4149.0,4138.0,4,2.0,1.0,tp1,be,,,,0.22,0.56,89.79,-40.66
2026-07-07T07:28:40+00:00,"Gold buy now 4127.5 - 4124

SL: 4121

TP: 4130
TP: 4132
TP: 4134
TP: 4",4127.5,,BUY,4127.5,4121.0,4130.0,4,2.5,1.25,tp1,be,,,,0.38,0.85,53.16,-105.7
2026-07-07T07:53:38+00:00,"Gold buy now 4127 - 4123.5

SL: 4119

TP: 4129
TP: 4131
TP: 4133
TP: 4",4127.0,,BUY,4127.0,4119.0,4129.0,4,2.0,1.0,tp1,be,,,,0.25,0.62,53.66,-105.2
2026-07-08T07:50:12+00:00,"Gold sell now 4124.2 - 4127

SL: 4131

TP: 4122
TP: 4120
TP: 4118
TP: ",4124.2,,SELL,4124.2,4131.0,4122.0,4,-6.8,-6.8,sl,sl_full,,,,0.32,0.76,102.4,-14.0
2026-07-08T08:25:46+00:00,"Gold buy now 4088 - 4084

SL: 4081

TP: 4091
TP: 4093
TP: 4095
TP: ope",4088.0,,BUY,4088.0,4081.0,4091.0,3,-7.0,-7.0,sl,sl_full,,,,0.43,0.71,50.2,-66.2
2026-07-09T08:20:40+00:00,"Gold buy now 4110 - 4107

SL: 4102

TP: 4112
TP: 4114
TP: 4116
TP: ope",4110.0,,BUY,4110.0,4102.0,4112.0,3,-8.0,-8.0,sl,sl_full,,,,0.25,0.5,28.2,-66.19
2026-07-10T08:17:30+00:00,"Gold buy now 4107 - 4104

SL: 4101

TP: 4110
TP: 4112
TP: 4114
TP: ope",4107.0,,BUY,4107.0,4101.0,4110.0,3,3.0,1.5,tp1,be,,,,0.5,0.83,14.72,-123.42
2026-07-10T08:51:54+00:00,"Gold sell now 4098.3 - 4101

SL: 4105

TP: 4096
TP: 4094
TP: 4092
TP: ",4098.3,,SELL,4098.3,4105.0,4096.0,4,2.3,1.15,tp1,be,,,,0.34,0.79,114.72,-23.42
2026-07-10T09:31:20+00:00,"This push upwards, (retracement) is exactly the one I was gonna go for",0,unparsed,SELL,0.0,0.0,0.0,0,0.0,0.0,,,,,,0.0,0.0,0.0,0.0
2026-07-10T12:09:40+00:00,"Gold sell now 4102 - 4106

SL: 4110

TP: 4100
TP: 4098
TP: 4096
TP: 40",4102.0,,SELL,4102.0,4110.0,4100.0,4,2.0,1.0,tp1,be,,,,0.25,0.62,118.42,-19.72
2026-07-13T07:57:14+00:00,"Gold sell now 4061.4 - 4065

SL: 4068

TP: 4059
TP: 4057
TP: 4055
TP: ",4061.4,,SELL,4061.4,4068.0,4059.0,3,-6.6,-6.6,sl,sl_full,,,,0.36,0.67,77.82,-41.71
2026-07-13T08:14:05+00:00,"Gold sell re-entry 4072.6 - 4077

SL: 4081

TP: 4070
TP: 4068
TP: 4066",4072.6,,SELL,4072.6,4081.0,4070.0,4,2.6,1.3,tp1,be,,,,0.31,0.67,89.02,-30.51
2026-07-14T08:45:54+00:00,"Gold sell now 4019 - 4023

SL: 4027

TP: 4017
TP: 4015
TP: 4013
TP: op",4019.0,,SELL,4019.0,4027.0,4017.0,3,2.0,1.0,tp1,be,,,,0.25,0.5,5.2,-84.11
2026-07-15T07:58:44+00:00,"Gold sell now 4025.7 - 4029

SL: 4033

TP: 4023
TP: 4021
TP: 4019
TP: ",4025.7,,SELL,4025.7,4033.0,4023.0,3,2.7,1.35,tp1,be,,,,0.37,0.64,56.4,-55.78
2026-07-15T08:19:39+00:00,"Gold sell now 4022 - 4026

SL: 4030

TP: 4020
TP: 4018
TP: 4016
TP: op",4022.0,,SELL,4022.0,4030.0,4020.0,3,-8.0,-8.0,sl,sl_full,,,,0.25,0.5,52.7,-59.48
2026-07-15T09:09:11+00:00,"Gold re-entry sell now 4033 - 4036

SL: 4040

TP: 4031
TP: 4029
TP: 40",4033.0,,SELL,4033.0,4040.0,4031.0,4,2.0,1.0,tp1,be,,,,0.29,0.71,63.7,-48.48
2026-07-15T10:17:54+00:00,"Gold buy now 4032.8 - 4028

SL: 4024

TP: 4035
TP: 4037
TP: 4039
TP: 4",4032.8,,BUY,4032.8,4024.0,4035.0,4,2.2,1.1,tp1,be,,,,0.25,0.59,48.68,-63.5
2026-07-16T07:59:38+00:00,"Gold sell now 4029.6 - 4033

SL: 4037

TP: 4027
TP: 4025
TP: 4023
TP: ",4029.6,,SELL,4029.6,4037.0,4027.0,3,2.6,1.3,tp1,be,,,,0.35,0.62,69.93,-13.76
2026-07-17T08:13:21+00:00,"Gold sell now 3995.6 - 4000

SL: 4003

TP: 3992
TP: 3990
TP: 3988
TP: ",3995.6,,SELL,3995.6,4003.0,3992.0,3,3.6,1.8,tp1,be,,,,0.49,0.76,35.93,-88.62
2026-07-17T08:27:27+00:00,"Gold sell now 3994.5 - 3999

SL: 4002

TP: 3992
TP: 3990
TP: 3988
TP: ",3994.5,,SELL,3994.5,4002.0,3992.0,3,2.5,1.25,tp1,be,,,,0.33,0.6,34.83,-89.72
2026-07-20T08:05:15+00:00,"Gold sell now 4023.6 - 4027

SL: 4031

TP: 4021
TP: 4019
TP: 4017
TP: ",4023.6,,SELL,4023.6,4031.0,4021.0,3,2.6,1.3,tp1,be,,,,0.35,0.62,25.39,-118.1
2026-07-20T09:36:44+00:00,"Gold sell now 4020 - 4024

SL: 4028

TP: 4018
TP: 4016
TP: 4014
TP: 40",4020.0,,SELL,4020.0,4028.0,4018.0,4,2.0,1.0,tp1,be,,,,0.25,0.62,21.79,-121.7
2026-07-21T09:43:23+00:00,"Gold sell now 4062 - 4065

SL: 4069

TP: 4060
TP: 4058
TP: 4056
TP: op",4062.0,,SELL,4062.0,4069.0,4060.0,3,2.0,1.0,tp1,be,,,,0.29,0.57,17.76,-104.44
2026-07-22T07:37:02+00:00,"Gold buy now 4120 - 4117

SL: 4113

TP: 4122
TP: 4124
TP: 4126
TP: ope",4120.0,,BUY,4120.0,4113.0,4122.0,3,2.0,1.0,tp1,be,,,,0.29,0.57,46.44,-97.96
2026-07-22T07:45:37+00:00,"Gold re-entry buy now 4112.4  - 4109

SL: 4105

TP: 4115
TP: 4117
TP: ",4112.4,,BUY,4112.4,4105.0,4115.0,4,2.6,1.3,tp1,be,,,,0.35,0.76,54.04,-90.36
2026-07-23T08:36:09+00:00,"Gold buy now 4092.2 - 4088

SL: 4085

TP: 4095
TP: 4097
TP: 4099
TP: o",4092.2,,BUY,4092.2,4085.0,4095.0,3,2.8,1.4,tp1,be,,,,0.39,0.67,24.02,-70.16
2026-07-24T06:51:40+00:00,"Gold sell now 4034 - 4037

SL: 4041

TP: 4032
TP: 4030
TP: 4028
TP: 40",4034.0,,SELL,4034.0,4041.0,4032.0,4,2.0,1.0,tp1,be,,,,0.29,0.71,4.75,-82.22
2026-07-24T07:20:36+00:00,"Gold re-entry sell now 4045 - 4049

SL: 4052

TP: 4043
TP: 4041
TP: 40",4045.0,,SELL,4045.0,4052.0,4043.0,4,2.0,1.0,tp1,be,,,,0.29,0.71,10.26,-71.22
2026-07-27T10:05:17+00:00,"Gold buy now 4095.4 - 4092

SL: 4088

TP: 4098
TP: 4100
TP: 4102
TP: o",4095.4,,BUY,4095.4,4088.0,4098.0,3,2.6,1.3,tp1,be,,,,0.35,0.62,8.72,-85.28
2026-07-27T10:17:33+00:00,"Gold is protecting the gap price, buyers are holding this support zone",0,unparsed,BUY,4086.0,0.0,0.0,0,0.0,0.0,,,,,,0.0,0.0,0.0,0.0
2026-07-28T06:39:50+00:00,"Gold sell now 4048.9 - 4052

SL: 4056

TP: 4047
TP: 4045
TP: 4043
TP: ",4048.9,,SELL,4048.9,4056.0,4047.0,4,1.9,4.9,tp1,final,,,,0.27,0.69,52.98,-67.63
2026-07-28T08:12:16+00:00,"Gold buy now 4047.1 - 4044

SL: 4040

TP: 4049
TP: 4051
TP: 4053
TP: o",4047.1,,BUY,4047.1,4040.0,4049.0,3,1.9,0.95,tp1,be,,,,0.27,0.55,69.43,-51.18
2026-07-29T08:46:40+00:00,"Gold buy now 4039 - 4036

SL: 4033

TP: 4041
TP: 4043
TP: 4045
TP: ope",4039.0,,BUY,4039.0,4033.0,4041.0,3,2.0,1.0,tp1,be,,,,0.33,0.67,81.28,-43.08
2026-07-29T10:22:50+00:00,"Gold sell now 4032.4 - 4036

SL: 4040

TP: 4030
TP: 4028
TP: 4026
TP: ",4032.4,,SELL,4032.4,4040.0,4030.0,4,2.4,1.2,tp1,be,,,,0.32,0.71,36.48,-87.88
2026-07-31T10:02:44+00:00,"Gold sell now 4054.5 - 4058

SL: 4061

TP: 4052
TP: 4050
TP: 4048
TP: ",4054.5,,SELL,4054.5,4061.0,4052.0,4,-6.5,-6.5,sl,sl_full,,,,0.38,0.85,35.4,-28.61
2026-08-03T07:55:18+00:00,"Gold buy now 4062 - 4059

SL: 4055

TP: 4064
TP: 4066
TP: 4068
TP: 407",4062.0,,BUY,4062.0,4055.0,4064.0,4,-7.0,-7.0,sl,sl_full,,,,0.29,0.71,116.71,-42.9
2026-08-03T09:29:54+00:00,"Gold buy now 4053 - 4050

SL: 4046

TP: 4055
TP: 4057
TP: 4059
TP: 406",4053.0,,BUY,4053.0,4046.0,4055.0,4,2.0,1.0,tp1,be,,,,0.29,0.71,126.8,-33.9
2026-08-03T11:16:32+00:00,"Gold sell now 4049.4 - 4054

SL: 4058

TP: 4046
TP: 4044
TP: 4042
TP: ",4049.4,,SELL,4049.4,4058.0,4046.0,4,-8.6,-8.6,sl,sl_full,,,,0.4,0.74,30.3,-130.4
2026-08-03T12:12:54+00:00,"Gold sell now 4061.1 - 4064.3

SL: 4069

TP: 4059
TP: 4057
TP: 4055
TP",4061.1,,SELL,4061.1,4069.0,4059.0,4,2.1,1.05,tp1,be,,,,0.27,0.65,42.0,-118.7
2026-08-04T08:44:54+00:00,"Gold buy now 4059 - 4056

SL: 4052

TP: 4062
TP: 4064
TP: 4066
TP: ope",4059.0,,BUY,4059.0,4052.0,4062.0,3,3.0,1.5,tp1,be,,,,0.43,0.71,245.36,-13.66
2026-08-04T09:24:28+00:00,"Gold buy now 4050 - 4046

SL: 4042

TP: 4052
TP: 4054
TP: 4056
TP: 405",4050.0,,BUY,4050.0,4042.0,4052.0,4,2.0,1.0,tp1,be,,,,0.25,0.62,254.36,-4.66
2026-08-05T07:56:44+00:00,"Gold buy now 4168 - 4164

SL: 4161

TP: 4170
TP: 4172
TP: 4174
TP: 417",4168.0,,BUY,4168.0,4161.0,4170.0,4,-7.0,-7.0,sl,sl_full,,,,0.29,0.71,136.36,-17.89
2026-08-06T08:24:49+00:00,"Gold buy now 4268.4 - 4265

SL: 4262

TP: 4271
TP: 4273
TP: 4275
TP: o",4268.4,,BUY,4268.4,4262.0,4271.0,3,-6.4,-6.4,sl,sl_full,,,,0.41,0.72,103.47,-45.25
2026-08-07T07:07:30+00:00,"Gold buy now 4294 - 4290 

SL: 4286

TP: 4296
TP: 4298
TP: 4300
TP: op",4294.0,,BUY,4294.0,4286.0,4296.0,3,2.0,1.0,tp1,be,,,,0.25,0.5,141.21,-11.42
2026-08-07T08:38:28+00:00,"Gold buy now 4302 - 4298 

SL: 4295

TP: 4304
TP: 4306
TP: 4308
TP: op",4302.0,,BUY,4302.0,4295.0,4304.0,3,-7.0,-7.0,sl,sl_full,,,,0.29,0.57,133.21,-7.86
2026-08-10T08:39:22+00:00,"Gold buy now 4351.2 - 4347

SL: 4344

TP: 4353
TP: 4355
TP: 4357
TP: 4",4351.2,,BUY,4351.2,4344.0,4353.0,4,-7.2,-7.2,sl,sl_full,,,,0.25,0.67,84.01,-34.47
2026-08-10T10:38:07+00:00,"Gold sell now  4342 - 4345

SL: 4349

TP: 4340
TP: 4338
TP: 4336
TP: 4",4342.0,,SELL,4342.0,4349.0,4340.0,4,2.0,1.0,tp1,be,,,,0.29,0.71,25.27,-93.21
2026-08-10T11:10:02+00:00,"Gold buy now 4334.5 - 4329

SL: 4324

TP: 4337
TP: 4339
TP: 4341
TP: 4",4334.5,,BUY,4334.5,4324.0,4337.0,4,2.5,1.25,tp1,be,,,,0.24,0.52,100.71,-17.77
2026-08-11T08:24:09+00:00,"Gold buy now 4362 -4358

SL: 4353

TP: 4364
TP: 4366
TP: 4368
TP: 4370",4362.0,,BUY,4362.0,4353.0,4364.0,4,2.0,1.0,tp1,be,,,,0.22,0.56,88.23,-5.3
2026-08-11T12:12:58+00:00,Slowly we buying high but momentum is strong,0,unparsed,BUY,0.0,0.0,0.0,0,0.0,0.0,,,,,,0.0,0.0,0.0,0.0
2026-08-11T12:13:30+00:00,"Gold buy now 4394 - 4390 

SL: 4385

TP: 4396
TP: 4398
TP: 4400
TP: 44",4394.0,,BUY,4394.0,4385.0,4396.0,4,2.0,1.0,tp1,be,,,,0.22,0.56,56.23,-33.92
2026-08-12T08:50:20+00:00,"Gold sell now 4403.4 - 4407.4 

SL: 4411

TP: 4401
TP: 4398
TP: 4396
T",4403.4,,SELL,4403.4,4411.0,4401.0,4,2.4,1.2,tp1,be,,,,0.32,0.81,92.62,-46.83
2026-08-12T09:13:08+00:00,"Gold re-entry sell 4111 - 4115

SL: 4118

TP: 4109
TP: 4107
TP: 4105
T",4111.0,,SELL,4111.0,4118.0,4109.0,4,0.0,0.0,no_fill,no_fill,,,,0.29,0.71,0.0,0.0
2026-08-12T09:20:58+00:00,"Gold sell now 4115 - 4119 

SL: 4124

TP: 4412
TP: 4410
TP: 4408
TP: 4",4115.0,,SELL,4115.0,4124.0,4412.0,5,0.0,0.0,no_fill,no_fill,,,,33.0,32.56,0.0,0.0
2026-08-12T11:22:54+00:00,"Gold sell now 4410.4 - 4415

SL: 4420

TP: 4408
TP: 4406
TP: 4404
TP: ",4410.4,,SELL,4410.4,4420.0,4408.0,5,2.4,1.2,tp1,be,,,,0.25,0.67,99.62,-39.83
2026-08-13T08:20:59+00:00,"Gold buy now 4366.4 - 4363

SL: 4359

TP: 4369
TP: 4371
TP: 4373
TP: o",4366.4,,BUY,4366.4,4359.0,4369.0,3,2.6,1.3,tp1,be,,,,0.35,0.62,49.96,-55.62
2026-08-13T10:34:58+00:00,"Gold buy now 4386 - 8383

SL: 4379

TP: 4388
TP: 4390
TP: 4392
TP: 439",4386.0,,BUY,4386.0,4379.0,4388.0,4,2.0,1.0,tp1,be,,,,0.29,0.71,30.36,-75.22
2026-08-14T09:22:43+00:00,"Gold buy now 4350.2 - 4346

SL: 4342

TP: 4352
TP: 4354
TP: 4356
TP: 4",4350.2,,BUY,4350.2,4342.0,4352.0,4,1.8,0.9,tp1,be,,,,0.22,0.59,87.19,-2.21
2026-08-14T10:32:12+00:00,"Gold buy now 4351 - 4347

SL: 4342

TP: 4353
TP: 4355
TP: 4357
TP: 435",4351.0,,BUY,4351.0,4342.0,4353.0,4,2.0,1.0,tp1,be,,,,0.22,0.56,86.39,-3.01
2026-08-17T08:00:06+00:00,"Gold buy now 4405.4 - 4402

SL: 4398

TP: 4408
TP: 4410
TP: 4412
TP: o",4405.4,,BUY,4405.4,4398.0,4408.0,3,2.6,1.3,tp1,be,,,,0.35,0.62,31.99,-80.82
2026-08-17T09:03:34+00:00,"Gold buy now 4395 - 4391

SL: 4386

TP: 4397
TP: 4399
TP: 4401
TP: 440",4395.0,,BUY,4395.0,4386.0,4397.0,4,2.0,1.0,tp1,be,,,,0.22,0.56,42.39,-70.42
2026-08-17T09:42:15+00:00,"Gold buy now 4394.3 - 4391

SL: 4386

TP: 4397
TP: 4399
TP: 4401
TP: 4",4394.3,,BUY,4394.3,4386.0,4397.0,5,2.7,1.35,tp1,be,,,,0.33,0.81,43.09,-69.72
2026-08-17T10:39:19+00:00,"Gold buy now 4396.5 - 4392

SL: 4387

TP: 4399
TP: 4401
TP: 4403
TP: 4",4396.5,,BUY,4396.5,4387.0,4399.0,4,2.5,1.25,tp1,be,,,,0.26,0.58,40.89,-71.92
2026-08-18T08:24:08+00:00,"Gold buy now 4390.9 - 4388

SL: 4386

TP: 4394
TP: 4396
TP: 4398
TP: o",4390.9,,BUY,4390.9,4386.0,4394.0,3,3.1,1.55,tp1,be,,,,0.63,1.04,136.47,-66.32
2026-08-19T09:01:45+00:00,"Gold buy now 4356 - 4352

SL: 4346

TP: 4358
TP: 4360
TP: 4362
TP: 436",4356.0,,BUY,4356.0,4346.0,4358.0,4,2.0,1.0,tp1,be,,,,0.2,0.5,212.16,-4.84
2026-08-19T11:43:33+00:00,"Gold buy now 4368 - 4364

SL: 4359

TP: 4370
TP: 4372
TP: 4374
TP: 437",4368.0,,BUY,4368.0,4359.0,4370.0,4,2.0,1.0,tp1,be,,,,0.22,0.56,234.1,-5.93
2026-08-20T06:23:33+00:00,"Gold buy now 4494 - 4490

SL: 4486

TP: 4496
TP: 4498
TP: 4500
TP: 450",4494.0,,BUY,4494.0,4486.0,4496.0,4,2.0,1.0,tp1,be,,,,0.25,0.62,162.87,-43.43
2026-08-20T07:48:36+00:00,"Gold sell now 4490.8 - 4495

SL: 4498

TP: 4488
TP: 4486
TP: 4484
TP: ",4490.8,,SELL,4490.8,4498.0,4488.0,5,2.8,1.4,tp1,be,,,,0.39,0.94,40.23,-169.34
2026-08-20T08:30:02+00:00,"Gold buy now 4491 - 4487

SL: 4483

TP: 4493
TP: 4495
TP: 4497
TP: 449",4491.0,,BUY,4491.0,4483.0,4493.0,5,2.0,1.0,tp1,be,,,,0.25,0.75,169.14,-40.43
2026-08-21T09:05:06+00:00,"Gold buy now 4583 - 4580

SL: 4576

TP: 4586
TP: 4588
TP: 4590
TP: 459",4583.0,,BUY,4583.0,4576.0,4586.0,4,3.0,1.5,tp1,be,,,,0.43,0.86,114.2,-19.5
2026-08-21T09:23:23+00:00,"Gold buy now 4591.7 - 4587

SL: 4581

TP: 4594
TP: 4596
TP: 4598
TP: 4",4591.7,,BUY,4591.7,4581.0,4594.0,4,2.3,1.15,tp1,be,,,,0.21,0.5,105.5,-28.2
2026-08-21T11:01:17+00:00,"Gold buy now 4588.4 - 4484

SL: 4479

TP: 4491
TP: 4493
TP: 4495
TP: 4",4588.4,,BUY,4588.4,4479.0,4491.0,4,-97.4,-48.7,tp1,be,,,,0.89,0.86,108.8,-24.9
2026-08-21T11:18:11+00:00,"Gold buy now 4492 - 4488

SL: 4484

TP: 4494
TP: 4496
TP: 4498
TP: 450",4492.0,,BUY,4492.0,4484.0,4494.0,4,0.0,0.0,no_fill,no_fill,,,,0.25,0.62,0.0,0.0
2026-08-24T08:20:22+00:00,"Gold buy now 4633 - 4630

SL: 4627

TP: 4636
TP: 4638
TP: 4640
TP: ope",4633.0,,BUY,4633.0,4627.0,4636.0,3,3.0,1.5,tp1,be,,,,0.5,0.83,64.2,-27.79
2026-08-24T09:03:24+00:00,"Gold buy now 4640.3 - 4637

SL: 4632

TP: 4643
TP: 4645
TP: 4647
TP: 4",4640.3,,BUY,4640.3,4632.0,4643.0,4,2.7,1.35,tp1,be,,,,0.33,0.69,56.9,-35.09
2026-08-26T08:48:36+00:00,"Gold buy now 4629.7 - 4626

SL: 4621

TP: 4632
TP: 4634
TP: 4636
TP: o",4629.7,,BUY,4629.7,4621.0,4632.0,3,2.3,1.15,tp1,be,,,,0.26,0.49,13.72,-64.52
2026-08-26T09:34:03+00:00,"Gold buy now 4621 - 4617

SL: 4614

TP: 4623
TP: 4625
TP: 4627
TP: 462",4621.0,,BUY,4621.0,4614.0,4623.0,4,2.0,1.0,tp1,be,,,,0.29,0.71,22.42,-55.82
2026-08-26T12:34:14+00:00,"Gold buy now 4617.6 - 4613

SL: 4608

TP: 4620
TP: 4622
TP: 4624
TP: 4",4617.6,,BUY,4617.6,4608.0,4620.0,4,2.4,1.2,tp1,be,,,,0.25,0.56,25.82,-52.42
2026-08-27T09:53:32+00:00,"Gold sell now 4584.2 - 4588

SL: 4591

TP: 4582
TP: 4580
TP: 4578
TP: ",4584.2,,SELL,4584.2,4591.0,4582.0,4,-6.8,-6.8,sl,sl_full,,,,0.32,0.76,187.81,-47.5
2026-08-28T10:38:31+00:00,"Gold buy now 4605.8 - 4603

SL: 4598

TP: 4608
TP: 4610
TP: 4612
TP: 4",4605.8,,BUY,4605.8,4598.0,4608.0,4,2.2,1.1,tp1,be,,,,0.28,0.67,25.9,-240.39
2026-08-28T12:02:30+00:00,"Gold sell now 4594.3 - 4598

SL: 4603

TP: 4592
TP: 4590
TP: 4588
TP: ",4594.3,,SELL,4594.3,4603.0,4592.0,5,2.3,1.15,tp1,be,,,,0.26,0.72,230.2,-37.4
2026-08-31T09:29:28+00:00,"Gold buy now 4438.8 -4434

SL: 4429

TP: 4441
TP: 4443
TP: 4445
TP: 44",4438.8,,BUY,4438.8,4429.0,4441.0,4,2.2,1.1,tp1,be,neutral,skip,3.5,0.22,0.53,25.29,-156.29
2026-08-31T11:50:53+00:00,"Gold buy now 4454 - 4450

SL: 4445

TP: 4456
TP: 4458
TP: 4460
TP: 446",4454.0,,BUY,4454.0,4445.0,4456.0,4,2.0,1.0,tp1,be,neutral,skip,3.5,0.22,0.56,10.09,-171.49
2026-09-01T10:00:23+00:00,"Gold sell now 4369.6 - 4373

SL: 4377

TP: 4367
TP: 4365
TP: 4363
TP: ",4369.6,,SELL,4369.6,4377.0,4367.0,4,-7.4,-7.4,sl,sl_full,bearish,skip,5.0,0.35,0.76,87.09,-74.17
2026-09-01T10:49:08+00:00,"Gold sell now 4380.3 - 4384

SL: 4387

TP: 4378
TP: 4376
TP: 4374
TP: ",4380.3,,SELL,4380.3,4387.0,4378.0,4,2.3,1.15,tp1,be,neutral,skip,3.5,0.34,0.79,97.79,-63.47
2026-09-02T10:13:25+00:00,"Gold sell now 4304 - 4308

SL: 4312

TP: 4302
TP: 4300
TP: 4298
TP: 42",4304.0,,SELL,4304.0,4312.0,4302.0,4,2.0,1.0,tp1,be,bearish,skip,5.0,0.25,0.62,2.21,-206.89
2026-09-02T11:51:31+00:00,"Gold sell now 4325.2 - 4329

SL: 4333

TP: 4323
TP. 4321
TP. 4319
TP: ",4325.2,,SELL,4325.2,4333.0,4323.0,5,2.2,1.1,tp1,be,neutral,skip,3.5,0.28,0.79,3.65,-185.69
2026-09-02T13:56:23+00:00,"Gold buy now 4375.8 - 4372

SL: 4366

TP: 4378
TP: 4380
TP: 4382
TP: 4",4375.8,,BUY,4375.8,4366.0,4378.0,5,-9.8,-9.8,sl,sl_full,bullish,skip,5.0,0.22,0.63,135.09,-11.4
2026-09-03T09:04:47+00:00,"Gold buy now 4435 - 4431

SL: 4427

TP: 4437
TP: 4439
TP: 4441
TP: 444",4435.0,,BUY,4435.0,4427.0,4437.0,4,-8.0,-8.0,sl,sl_full,bullish,skip,5.0,0.25,0.62,75.89,-69.52
2026-09-03T09:28:43+00:00,"Gold buy now 4435 - 4431

SL: 4427

TP: 4437
TP: 4439
TP: 4441
TP: 444",4435.0,,BUY,4435.0,4427.0,4437.0,4,2.0,1.0,tp1,be,bullish,skip,5.0,0.25,0.62,75.89,-69.52
2026-09-04T09:39:21+00:00,"Gold buy now 4469.4 - 4465

SL: 4461

TP: 4472
TP: 4474
TP: 4476
TP: 4",4469.4,,BUY,4469.4,4461.0,4472.0,4,2.6,1.3,tp1,be,neutral,skip,3.5,0.31,0.67,21.41,-103.92
